position_id,seed_price,position_value_at_seed,loan_amount,close_price,position_value_at_close,hold_value,impermanent_loss,impermanent_loss_pct,health_factor,should_liquidate,repay_amount,collateral_to_take
id#0,389.9448,6902.75,4486.79,347.7814,6361.26,6550.55,-0.028897,-2.89,0.992444,Yes,2243.39,2467.73
id#1,389.9448,4586.02,2980.91,347.7814,4273.74,4358.68,-0.019486,-1.95,1.003592,No,0.00,0.00
id#2,389.9448,5573.00,3622.45,347.7814,5275.70,5324.15,-0.009100,-0.91,1.019473,No,0.00,0.00
id#3,389.9448,5650.61,3672.90,347.7814,5340.40,5394.01,-0.009938,-0.99,1.017802,No,0.00,0.00
id#4,389.9448,7824.62,5086.01,347.7814,7392.85,7468.27,-0.010098,-1.01,1.017498,No,0.00,0.00
id#5,389.9448,5959.28,3873.53,347.7814,5625.53,5685.67,-0.010577,-1.06,1.016611,No,0.00,0.00
id#6,389.9448,5668.36,3684.43,347.7814,5319.42,5396.46,-0.014275,-1.43,1.010628,No,0.00,0.00
id#7,389.9448,7714.52,5014.44,347.7814,7322.67,7380.74,-0.007869,-0.79,1.022221,No,0.00,0.00
id#8,389.9448,4891.83,3179.69,347.7814,4648.15,4683.01,-0.007443,-0.74,1.023278,No,0.00,0.00
id#9,389.9448,5385.66,3500.68,347.7814,5059.27,5128.94,-0.013584,-1.36,1.011658,No,0.00,0.00
id#10,389.9448,5289.57,3438.22,347.7814,4947.66,5031.35,-0.016634,-1.66,1.007314,No,0.00,0.00
id#11,389.9448,5331.10,3465.21,347.7814,5028.93,5084.78,-0.010984,-1.10,1.015883,No,0.00,0.00
id#12,389.9448,6617.98,4301.68,347.7814,6245.32,6313.24,-0.010760,-1.08,1.016281,No,0.00,0.00
id#13,389.9448,5707.71,3710.01,347.7814,5410.04,5456.43,-0.008501,-0.85,1.020760,No,0.00,0.00
id#14,389.9448,5116.08,3325.45,347.7814,4873.57,4905.45,-0.006500,-0.65,1.025876,No,0.00,0.00
id#15,389.9448,6441.22,4186.79,347.7814,6085.77,6147.86,-0.010100,-1.01,1.017495,No,0.00,0.00
id#16,389.9448,5509.83,3581.39,347.7814,5164.82,5243.81,-0.015064,-1.51,1.009489,No,0.00,0.00
id#17,389.9448,5409.84,3516.40,347.7814,5110.89,5163.27,-0.010143,-1.01,1.017412,No,0.00,0.00
id#18,389.9448,5843.60,3798.34,347.7814,5478.35,5561.66,-0.014979,-1.50,1.009611,No,0.00,0.00
id#19,389.9448,4874.08,3168.15,347.7814,4630.27,4665.40,-0.007531,-0.75,1.023052,No,0.00,0.00
id#20,389.9448,3355.51,2181.08,347.7814,3146.96,3193.96,-0.014715,-1.47,1.009989,No,0.00,0.00
id#21,389.9448,6835.01,4442.76,347.7814,6456.84,6523.27,-0.010183,-1.02,1.017339,No,0.00,0.00
id#22,389.9448,8822.12,5734.38,347.7814,8376.95,8442.13,-0.007721,-0.77,1.022581,No,0.00,0.00
id#23,389.9448,7048.33,4581.41,347.7814,6647.58,6722.14,-0.011093,-1.11,1.015692,No,0.00,0.00
id#24,389.9448,9350.38,6077.74,347.7814,8819.65,8918.04,-0.011032,-1.10,1.015797,No,0.00,0.00
id#25,389.9448,7126.38,4632.15,347.7814,6578.37,6763.93,-0.027433,-2.74,0.994109,Yes,2316.07,2547.68
id#26,389.9448,4241.24,2756.80,347.7814,4051.26,4074.22,-0.005635,-0.56,1.028685,No,0.00,0.00
id#27,389.9448,4791.93,3114.76,347.7814,4530.33,4575.02,-0.009767,-0.98,1.018132,No,0.00,0.00
id#28,389.9448,8618.67,5602.14,347.7814,8095.16,8207.46,-0.013683,-1.37,1.011509,No,0.00,0.00
id#29,389.9448,5700.76,3705.49,347.7814,5308.22,5417.33,-0.020142,-2.01,1.002770,No,0.00,0.00
id#30,389.9448,6136.81,3988.93,347.7814,5811.45,5863.82,-0.008931,-0.89,1.019827,No,0.00,0.00
id#31,389.9448,6965.54,4527.60,347.7814,6626.37,6672.99,-0.006986,-0.70,1.024485,No,0.00,0.00
id#32,389.9448,7026.59,4567.29,347.7814,6530.30,6675.10,-0.021692,-2.17,1.000860,No,0.00,0.00
id#33,389.9448,6028.37,3918.44,347.7814,5664.06,5741.36,-0.013464,-1.35,1.011841,No,0.00,0.00
id#34,389.9448,7536.63,4898.81,347.7814,6975.94,7155.53,-0.025098,-2.51,0.996805,Yes,2449.41,2694.35
id#35,389.9448,6471.86,4206.71,347.7814,6173.98,6211.41,-0.006025,-0.60,1.027355,No,0.00,0.00
id#36,389.9448,8240.42,5356.27,347.7814,7822.51,7884.27,-0.007833,-0.78,1.022308,No,0.00,0.00
id#37,389.9448,6716.70,4365.86,347.7814,6202.39,6375.33,-0.027125,-2.71,0.994461,Yes,2182.93,2401.22
id#38,389.9448,4029.15,2618.95,347.7814,3787.82,3838.05,-0.013087,-1.31,1.012419,No,0.00,0.00
id#39,389.9448,5636.79,3663.92,347.7814,5250.99,5356.99,-0.019786,-1.98,1.003215,No,0.00,0.00
id#40,389.9448,6580.18,4277.12,347.7814,6232.48,6288.08,-0.008841,-0.88,1.020018,No,0.00,0.00
id#41,389.9448,6882.38,4473.55,347.7814,6566.23,6605.83,-0.005996,-0.60,1.027453,No,0.00,0.00
id#42,389.9448,5580.78,3627.51,347.7814,5328.92,5359.68,-0.005738,-0.57,1.028321,No,0.00,0.00
id#43,389.9448,4781.59,3108.03,347.7814,4520.89,4565.30,-0.009728,-0.97,1.018208,No,0.00,0.00
id#44,389.9448,7685.64,4995.66,347.7814,7323.19,7370.46,-0.006413,-0.64,1.026136,No,0.00,0.00
id#45,389.9448,4100.70,2665.46,347.7814,3853.74,3905.75,-0.013316,-1.33,1.012067,No,0.00,0.00
id#46,389.9448,5825.39,3786.50,347.7814,5501.43,5558.95,-0.010346,-1.03,1.017034,No,0.00,0.00
id#47,389.9448,5733.11,3726.52,347.7814,5417.81,5472.50,-0.009993,-1.00,1.017697,No,0.00,0.00
id#48,389.9448,5894.68,3831.54,347.7814,5572.20,5627.52,-0.009831,-0.98,1.018008,No,0.00,0.00
id#49,389.9448,4464.45,2901.89,347.7814,4224.68,4264.29,-0.009289,-0.93,1.019085,No,0.00,0.00
id#50,389.9448,5504.69,3578.05,347.7814,5231.17,5270.12,-0.007390,-0.74,1.023412,No,0.00,0.00
id#51,389.9448,7895.48,5132.06,347.7814,7459.70,7535.85,-0.010105,-1.01,1.017484,No,0.00,0.00
id#52,389.9448,5206.56,3384.26,347.7814,4917.87,4968.80,-0.010251,-1.03,1.017210,No,0.00,0.00
id#53,389.9448,7541.91,4902.24,347.7814,7077.76,7180.17,-0.014263,-1.43,1.010647,No,0.00,0.00
id#54,389.9448,5344.95,3474.22,347.7814,5028.00,5092.56,-0.012677,-1.27,1.013062,No,0.00,0.00
id#55,389.9448,3739.94,2430.96,347.7814,3567.54,3589.25,-0.006049,-0.60,1.027280,No,0.00,0.00
id#56,389.9448,6752.88,4389.37,347.7814,6426.48,6470.79,-0.006847,-0.68,1.024871,No,0.00,0.00
id#57,389.9448,5594.39,3636.36,347.7814,5305.46,5349.65,-0.008260,-0.83,1.021304,No,0.00,0.00
id#58,389.9448,4126.12,2681.98,347.7814,3935.03,3959.26,-0.006120,-0.61,1.027048,No,0.00,0.00
id#59,389.9448,9503.30,6177.14,347.7814,9031.42,9098.53,-0.007376,-0.74,1.023449,No,0.00,0.00
id#60,389.9448,5477.82,3560.58,347.7814,5209.01,5246.46,-0.007137,-0.71,1.024077,No,0.00,0.00
id#61,389.9448,8496.41,5522.67,347.7814,8099.02,8150.18,-0.006277,-0.63,1.026553,No,0.00,0.00
id#62,389.9448,8276.48,5379.71,347.7814,7734.13,7870.69,-0.017351,-1.74,1.006353,No,0.00,0.00
id#63,389.9448,8554.88,5560.67,347.7814,8086.83,8167.15,-0.009834,-0.98,1.018003,No,0.00,0.00
id#64,389.9448,6379.35,4146.58,347.7814,6035.23,6092.59,-0.009415,-0.94,1.018829,No,0.00,0.00
id#65,389.9448,7924.35,5150.83,347.7814,7506.22,7572.89,-0.008804,-0.88,1.020099,No,0.00,0.00
id#66,389.9448,7468.67,4854.63,347.7814,7077.78,7139.11,-0.008592,-0.86,1.020559,No,0.00,0.00
id#67,389.9448,5798.39,3768.95,347.7814,5503.81,5547.49,-0.007873,-0.79,1.022212,No,0.00,0.00
id#68,389.9448,6974.37,4533.34,347.7814,6582.03,6653.39,-0.010726,-1.07,1.016341,No,0.00,0.00
id#69,389.9448,5945.71,3864.71,347.7814,5647.03,5690.40,-0.007622,-0.76,1.022824,No,0.00,0.00
id#70,389.9448,3695.40,2402.01,347.7814,3513.34,3538.87,-0.007216,-0.72,1.023866,No,0.00,0.00
id#71,389.9448,6977.29,4535.24,347.7814,6448.74,6623.32,-0.026358,-2.64,0.995343,Yes,2267.62,2494.38
id#72,389.9448,5604.21,3642.73,347.7814,5352.27,5382.87,-0.005684,-0.57,1.028511,No,0.00,0.00
id#73,389.9448,7606.15,4944.00,347.7814,7112.26,7234.30,-0.016870,-1.69,1.006995,No,0.00,0.00
id#74,389.9448,9572.65,6222.22,347.7814,9115.68,9176.45,-0.006622,-0.66,1.025514,No,0.00,0.00
id#75,389.9448,9773.17,6352.56,347.7814,9283.24,9354.11,-0.007577,-0.76,1.022937,No,0.00,0.00
id#76,389.9448,7864.83,5112.14,347.7814,7502.76,7548.26,-0.006029,-0.60,1.027345,No,0.00,0.00
id#77,389.9448,5352.86,3479.36,347.7814,5031.84,5098.84,-0.013139,-1.31,1.012338,No,0.00,0.00
id#78,389.9448,7742.32,5032.50,347.7814,7321.68,7392.82,-0.009623,-0.96,1.018414,No,0.00,0.00
id#79,389.9448,6569.57,4270.22,347.7814,6164.70,6254.30,-0.014325,-1.43,1.010556,No,0.00,0.00
id#80,389.9448,5101.59,3316.03,347.7814,4836.29,4877.40,-0.008429,-0.84,1.020921,No,0.00,0.00
id#81,389.9448,8088.56,5257.57,347.7814,7482.77,7679.05,-0.025560,-2.56,0.996267,Yes,2628.78,2891.66
id#82,389.9448,4955.83,3221.29,347.7814,4640.03,4715.06,-0.015913,-1.59,1.008298,No,0.00,0.00
id#83,389.9448,4585.63,2980.66,347.7814,4322.07,4372.26,-0.011479,-1.15,1.015026,No,0.00,0.00
id#84,389.9448,7595.61,4937.15,347.7814,7206.21,7264.93,-0.008083,-0.81,1.021712,No,0.00,0.00
id#85,389.9448,5653.16,3674.55,347.7814,5345.89,5397.91,-0.009637,-0.96,1.018387,No,0.00,0.00
id#86,389.9448,5798.92,3769.30,347.7814,5531.72,5565.35,-0.006042,-0.60,1.027301,No,0.00,0.00
id#87,389.9448,7913.67,5143.89,347.7814,7333.22,7514.60,-0.024138,-2.41,0.997932,Yes,2571.94,2829.14
id#88,389.9448,7132.18,4635.92,347.7814,6702.77,6793.15,-0.013304,-1.33,1.012084,No,0.00,0.00
id#89,389.9448,8807.71,5725.01,347.7814,8403.86,8454.31,-0.005968,-0.60,1.027544,No,0.00,0.00
id#90,389.9448,8231.01,5350.15,347.7814,7809.92,7873.17,-0.008033,-0.80,1.021829,No,0.00,0.00
id#91,389.9448,8377.74,5445.53,347.7814,7722.04,7950.44,-0.028728,-2.87,0.992635,Yes,2722.77,2995.04
id#92,389.9448,7228.21,4698.33,347.7814,6826.97,6897.93,-0.010287,-1.03,1.017144,No,0.00,0.00
id#93,389.9448,6341.63,4122.06,347.7814,6005.87,6059.77,-0.008895,-0.89,1.019905,No,0.00,0.00
id#94,389.9448,7976.19,5184.52,347.7814,7530.19,7610.29,-0.010525,-1.05,1.016706,No,0.00,0.00
id#95,389.9448,3923.22,2550.09,347.7814,3745.76,3767.50,-0.005771,-0.58,1.028209,No,0.00,0.00
id#96,389.9448,5730.53,3724.85,347.7814,5434.92,5480.03,-0.008231,-0.82,1.021369,No,0.00,0.00
id#97,389.9448,7512.54,4883.15,347.7814,6920.54,7128.97,-0.029237,-2.92,0.992060,Yes,2441.58,2685.73
id#98,389.9448,3810.57,2476.87,347.7814,3639.00,3659.89,-0.005705,-0.57,1.028436,No,0.00,0.00
id#99,389.9448,7800.27,5070.17,347.7814,7324.60,7427.51,-0.013855,-1.39,1.011251,No,0.00,0.00
id#100,389.9448,8468.64,5504.62,347.7814,7928.54,8057.09,-0.015955,-1.60,1.008240,No,0.00,0.00
id#101,389.9448,6092.25,3959.96,347.7814,5714.13,5799.09,-0.014649,-1.46,1.010083,No,0.00,0.00
id#102,389.9448,7373.19,4792.57,347.7814,7013.71,7063.23,-0.007010,-0.70,1.024419,No,0.00,0.00
id#103,389.9448,5342.91,3472.89,347.7814,5089.22,5122.66,-0.006529,-0.65,1.025789,No,0.00,0.00
id#104,389.9448,6640.79,4316.51,347.7814,6289.76,6345.93,-0.008851,-0.89,1.019998,No,0.00,0.00
id#105,389.9448,6530.95,4245.12,347.7814,6084.64,6206.89,-0.019695,-1.97,1.003330,No,0.00,0.00
id#106,389.9448,4644.96,3019.22,347.7814,4436.76,4461.94,-0.005643,-0.56,1.028654,No,0.00,0.00
id#107,389.9448,6300.77,4095.50,347.7814,6007.68,6045.10,-0.006189,-0.62,1.026829,No,0.00,0.00
id#108,389.9448,5211.63,3387.56,347.7814,4824.93,4948.23,-0.024918,-2.49,0.997016,Yes,1693.78,1863.16
id#109,389.9448,5699.34,3704.57,347.7814,5439.62,5471.78,-0.005877,-0.59,1.027848,No,0.00,0.00
id#110,389.9448,6444.46,4188.90,347.7814,6111.12,6162.25,-0.008298,-0.83,1.021218,No,0.00,0.00
id#111,389.9448,7748.92,5036.80,347.7814,7340.55,7405.51,-0.008771,-0.88,1.020169,No,0.00,0.00
id#112,389.9448,7406.25,4814.06,347.7814,6948.17,7050.33,-0.014490,-1.45,1.010314,No,0.00,0.00
id#113,389.9448,7407.17,4814.66,347.7814,7066.10,7108.98,-0.006032,-0.60,1.027335,No,0.00,0.00
id#114,389.9448,7703.26,5007.12,347.7814,7244.53,7338.82,-0.012848,-1.28,1.012792,No,0.00,0.00
id#115,389.9448,6972.34,4532.02,347.7814,6626.82,6675.79,-0.007334,-0.73,1.023556,No,0.00,0.00
id#116,389.9448,7370.83,4791.04,347.7814,6972.87,7039.33,-0.009440,-0.94,1.018779,No,0.00,0.00
id#117,389.9448,9524.37,6190.84,347.7814,8834.40,9045.29,-0.023314,-2.33,0.998908,Yes,3095.42,3404.96
id#118,389.9448,5885.76,3825.74,347.7814,5594.93,5635.93,-0.007276,-0.73,1.023710,No,0.00,0.00
id#119,389.9448,5424.81,3526.13,347.7814,5070.34,5159.07,-0.017199,-1.72,1.006555,No,0.00,0.00
id#120,389.9448,6773.03,4402.47,347.7814,6352.19,6446.97,-0.014701,-1.47,1.010008,No,0.00,0.00
id#121,389.9448,5593.10,3635.51,347.7814,5316.23,5355.39,-0.007312,-0.73,1.023613,No,0.00,0.00
id#122,389.9448,4653.64,3024.86,347.7814,4384.90,4436.59,-0.011652,-1.17,1.014732,No,0.00,0.00
id#123,389.9448,6681.75,4343.14,347.7814,6135.69,6338.82,-0.032044,-3.20,0.988914,Yes,2171.57,2388.72
id#124,389.9448,5067.29,3293.74,347.7814,4768.67,4828.68,-0.012428,-1.24,1.013459,No,0.00,0.00
id#125,389.9448,3428.17,2228.31,347.7814,3270.00,3289.94,-0.006062,-0.61,1.027237,No,0.00,0.00
id#126,389.9448,3101.49,2015.97,347.7814,2962.14,2979.05,-0.005676,-0.57,1.028538,No,0.00,0.00
id#127,389.9448,4794.17,3116.21,347.7814,4553.41,4588.35,-0.007615,-0.76,1.022842,No,0.00,0.00
id#128,389.9448,4753.31,3089.65,347.7814,4517.15,4550.77,-0.007389,-0.74,1.023416,No,0.00,0.00
id#129,389.9448,5783.54,3759.30,347.7814,5397.78,5498.47,-0.018313,-1.83,1.005092,No,0.00,0.00
id#130,389.9448,5788.88,3762.77,347.7814,5435.52,5512.13,-0.013898,-1.39,1.011186,No,0.00,0.00
id#131,389.9448,7023.07,4565.00,347.7814,6684.43,6730.22,-0.006803,-0.68,1.024996,No,0.00,0.00
id#132,389.9448,5727.72,3723.02,347.7814,5449.05,5487.30,-0.006971,-0.70,1.024527,No,0.00,0.00
id#133,389.9448,6957.34,4522.27,347.7814,6640.06,6679.39,-0.005888,-0.59,1.027812,No,0.00,0.00
id#134,389.9448,4577.59,2975.43,347.7814,4343.39,4378.57,-0.008035,-0.80,1.021826,No,0.00,0.00
id#135,389.9448,3812.09,2477.86,347.7814,3608.60,3641.80,-0.009118,-0.91,1.019437,No,0.00,0.00
id#136,389.9448,5237.05,3404.08,347.7814,4931.18,4991.47,-0.012078,-1.21,1.014026,No,0.00,0.00
id#137,389.9448,5505.92,3578.85,347.7814,5236.14,5273.62,-0.007107,-0.71,1.024156,No,0.00,0.00
id#138,389.9448,5524.80,3591.12,347.7814,5122.11,5246.55,-0.023718,-2.37,0.998429,Yes,1795.56,1975.12
id#139,389.9448,7059.30,4588.54,347.7814,6662.82,6734.69,-0.010672,-1.07,1.016438,No,0.00,0.00
id#140,389.9448,5151.07,3348.19,347.7814,4880.70,4923.36,-0.008665,-0.87,1.020399,No,0.00,0.00
id#141,389.9448,5939.41,3860.62,347.7814,5466.36,5635.68,-0.030046,-3.00,0.991150,Yes,1930.31,2123.34
id#142,389.9448,6061.87,3940.21,347.7814,5627.03,5757.58,-0.022675,-2.27,0.999672,Yes,1970.11,2167.12
id#143,389.9448,4502.59,2926.68,347.7814,4287.79,4316.32,-0.006611,-0.66,1.025548,No,0.00,0.00
id#144,389.9448,5502.45,3576.59,347.7814,5176.92,5242.89,-0.012583,-1.26,1.013210,No,0.00,0.00
id#145,389.9448,8468.60,5504.59,347.7814,7939.91,8060.18,-0.014922,-1.49,1.009692,No,0.00,0.00
id#146,389.9448,7884.44,5124.89,347.7814,7504.43,7555.77,-0.006795,-0.68,1.025017,No,0.00,0.00
id#147,389.9448,8066.55,5243.26,347.7814,7650.60,7714.02,-0.008222,-0.82,1.021391,No,0.00,0.00
id#148,389.9448,4963.21,3226.08,347.7814,4710.11,4747.90,-0.007959,-0.80,1.022006,No,0.00,0.00
id#149,389.9448,8742.19,5682.42,347.7814,8219.10,8327.73,-0.013044,-1.30,1.012485,No,0.00,0.00
id#150,389.9448,5426.17,3527.01,347.7814,5173.23,5205.62,-0.006223,-0.62,1.026723,No,0.00,0.00
id#151,389.9448,4835.92,3143.35,347.7814,4606.49,4636.70,-0.006514,-0.65,1.025832,No,0.00,0.00
id#152,389.9448,4758.33,3092.92,347.7814,4502.20,4544.71,-0.009353,-0.94,1.018954,No,0.00,0.00
id#153,389.9448,6892.04,4479.83,347.7814,6497.54,6572.01,-0.011330,-1.13,1.015280,No,0.00,0.00
id#154,389.9448,5986.46,3891.20,347.7814,5647.79,5710.13,-0.010918,-1.09,1.015999,No,0.00,0.00
id#155,389.9448,8437.44,5484.34,347.7814,7999.25,8066.98,-0.008396,-0.84,1.020994,No,0.00,0.00
id#156,389.9448,7285.61,4735.65,347.7814,6880.97,6952.61,-0.010304,-1.03,1.017111,No,0.00,0.00
id#157,389.9448,3289.29,2138.04,347.7814,3129.38,3151.30,-0.006956,-0.70,1.024568,No,0.00,0.00
id#158,389.9448,9061.72,5890.12,347.7814,8447.05,8612.97,-0.019264,-1.93,1.003874,No,0.00,0.00
id#159,389.9448,7714.19,5014.22,347.7814,7361.89,7405.64,-0.005909,-0.59,1.027741,No,0.00,0.00
id#160,389.9448,5475.77,3559.25,347.7814,5179.35,5229.12,-0.009517,-0.95,1.018626,No,0.00,0.00
id#161,389.9448,8426.94,5477.51,347.7814,7906.66,8022.25,-0.014409,-1.44,1.010433,No,0.00,0.00
id#162,389.9448,7294.31,4741.30,347.7814,6886.85,6959.87,-0.010492,-1.05,1.016766,No,0.00,0.00
id#163,389.9448,6112.19,3972.92,347.7814,5653.12,5802.58,-0.025758,-2.58,0.996037,Yes,1986.46,2185.11
id#164,389.9448,9247.54,6010.90,347.7814,8732.39,8824.18,-0.010402,-1.04,1.016931,No,0.00,0.00
id#165,389.9448,5928.77,3853.70,347.7814,5572.04,5647.02,-0.013278,-1.33,1.012124,No,0.00,0.00
id#166,389.9448,3375.47,2194.06,347.7814,3221.49,3240.58,-0.005893,-0.59,1.027795,No,0.00,0.00
id#167,389.9448,5841.93,3797.26,347.7814,5468.78,5557.88,-0.016032,-1.60,1.008134,No,0.00,0.00
id#168,389.9448,5071.47,3296.46,347.7814,4765.92,4830.33,-0.013334,-1.33,1.012039,No,0.00,0.00
id#169,389.9448,8033.59,5221.84,347.7814,7564.01,7656.73,-0.012110,-1.21,1.013974,No,0.00,0.00
id#170,389.9448,7673.11,4987.52,347.7814,7322.40,7366.01,-0.005921,-0.59,1.027701,No,0.00,0.00
id#171,389.9448,8120.42,5278.27,347.7814,7729.13,7781.98,-0.006790,-0.68,1.025031,No,0.00,0.00
id#172,389.9448,7757.31,5042.25,347.7814,7410.18,7452.07,-0.005621,-0.56,1.028732,No,0.00,0.00
id#173,389.9448,6966.67,4528.34,347.7814,6552.90,6637.46,-0.012740,-1.27,1.012962,No,0.00,0.00
id#174,389.9448,4329.27,2814.02,347.7814,4052.91,4118.81,-0.016000,-1.60,1.008178,No,0.00,0.00
id#175,389.9448,6806.97,4424.53,347.7814,6351.83,6471.23,-0.018451,-1.85,1.004915,No,0.00,0.00
id#176,389.9448,7470.20,4855.63,347.7814,7058.66,7130.30,-0.010047,-1.00,1.017595,No,0.00,0.00
id#177,389.9448,5893.95,3831.07,347.7814,5624.41,5657.96,-0.005929,-0.59,1.027673,No,0.00,0.00
id#178,389.9448,4713.01,3063.46,347.7814,4437.39,4491.87,-0.012129,-1.21,1.013943,No,0.00,0.00
id#179,389.9448,7976.02,5184.41,347.7814,7595.73,7646.20,-0.006601,-0.66,1.025577,No,0.00,0.00
id#180,389.9448,9180.27,5967.17,347.7814,8758.63,8811.44,-0.005993,-0.60,1.027462,No,0.00,0.00
id#181,389.9448,8690.61,5648.90,347.7814,8302.77,8349.40,-0.005585,-0.56,1.028863,No,0.00,0.00
id#182,389.9448,5494.34,3571.32,347.7814,5089.23,5216.98,-0.024488,-2.45,0.997519,Yes,1785.66,1964.23
id#183,389.9448,6918.05,4496.74,347.7814,6539.33,6604.40,-0.009852,-0.99,1.017968,No,0.00,0.00
id#184,389.9448,4441.15,2886.75,347.7814,4174.01,4230.12,-0.013264,-1.33,1.012146,No,0.00,0.00
id#185,389.9448,6175.81,4014.28,347.7814,5896.68,5930.84,-0.005759,-0.58,1.028250,No,0.00,0.00
id#186,389.9448,6901.71,4486.11,347.7814,6572.78,6616.41,-0.006594,-0.66,1.025598,No,0.00,0.00
id#187,389.9448,5558.88,3613.27,347.7814,5257.98,5308.49,-0.009515,-0.95,1.018629,No,0.00,0.00
id#188,389.9448,5641.56,3667.01,347.7814,5301.37,5373.21,-0.013369,-1.34,1.011986,No,0.00,0.00
id#189,389.9448,6617.01,4301.06,347.7814,6217.59,6302.13,-0.013414,-1.34,1.011917,No,0.00,0.00
id#190,389.9448,6857.03,4457.07,347.7814,6382.91,6515.77,-0.020391,-2.04,1.002459,No,0.00,0.00
id#191,389.9448,8459.17,5498.46,347.7814,8032.36,8094.84,-0.007718,-0.77,1.022587,No,0.00,0.00
id#192,389.9448,7210.08,4686.55,347.7814,6753.54,6860.57,-0.015601,-1.56,1.008732,No,0.00,0.00
id#193,389.9448,7497.16,4873.15,347.7814,7127.80,7179.61,-0.007216,-0.72,1.023867,No,0.00,0.00
id#194,389.9448,6199.65,4029.77,347.7814,5900.95,5941.28,-0.006788,-0.68,1.025038,No,0.00,0.00
id#195,389.9448,5312.44,3453.08,347.7814,5066.71,5097.81,-0.006101,-0.61,1.027109,No,0.00,0.00
id#196,389.9448,7524.19,4890.73,347.7814,7064.64,7164.39,-0.013924,-1.39,1.011148,No,0.00,0.00
id#197,389.9448,4668.77,3034.70,347.7814,4442.98,4473.66,-0.006858,-0.69,1.024842,No,0.00,0.00
id#198,389.9448,5453.14,3544.54,347.7814,5069.22,5180.56,-0.021492,-2.15,1.001104,No,0.00,0.00
id#199,389.9448,8864.52,5761.94,347.7814,8277.48,8428.51,-0.017919,-1.79,1.005606,No,0.00,0.00
id#200,389.9448,4248.04,2761.23,347.7814,4020.56,4057.92,-0.009206,-0.92,1.019254,No,0.00,0.00
id#201,389.9448,7798.00,5068.70,347.7814,7320.34,7424.67,-0.014052,-1.41,1.010957,No,0.00,0.00
id#202,389.9448,4379.20,2846.48,347.7814,4162.78,4193.30,-0.007278,-0.73,1.023703,No,0.00,0.00
id#203,389.9448,6899.67,4484.79,347.7814,6565.96,6611.31,-0.006860,-0.69,1.024836,No,0.00,0.00
id#204,389.9448,5289.98,3438.48,347.7814,5011.93,5055.92,-0.008702,-0.87,1.020318,No,0.00,0.00
id#205,389.9448,3626.10,2356.97,347.7814,3463.54,3483.21,-0.005646,-0.56,1.028643,No,0.00,0.00
id#206,389.9448,5983.22,3889.09,347.7814,5696.20,5734.67,-0.006710,-0.67,1.025262,No,0.00,0.00
id#207,389.9448,5624.21,3655.74,347.7814,5335.98,5379.42,-0.008075,-0.81,1.021731,No,0.00,0.00
id#208,389.9448,5435.24,3532.90,347.7814,5116.02,5179.70,-0.012294,-1.23,1.013674,No,0.00,0.00
id#209,389.9448,7070.90,4596.09,347.7814,6678.64,6747.92,-0.010267,-1.03,1.017180,No,0.00,0.00
id#210,389.9448,4806.42,3124.18,347.7814,4526.48,4581.33,-0.011972,-1.20,1.014200,No,0.00,0.00
id#211,389.9448,6564.15,4266.70,347.7814,6158.88,6248.91,-0.014408,-1.44,1.010435,No,0.00,0.00
id#212,389.9448,6698.98,4354.34,347.7814,6304.62,6383.69,-0.012386,-1.24,1.013525,No,0.00,0.00
id#213,389.9448,7992.85,5195.35,347.7814,7560.82,7633.13,-0.009473,-0.95,1.018713,No,0.00,0.00
id#214,389.9448,5432.40,3531.06,347.7814,5095.99,5171.21,-0.014546,-1.45,1.010233,No,0.00,0.00
id#215,389.9448,5219.50,3392.67,347.7814,4963.21,4998.95,-0.007149,-0.71,1.024043,No,0.00,0.00
id#216,389.9448,4682.12,3043.38,347.7814,4363.14,4449.98,-0.019516,-1.95,1.003555,No,0.00,0.00
id#217,389.9448,9007.16,5854.65,347.7814,8460.47,8577.55,-0.013649,-1.36,1.011560,No,0.00,0.00
id#218,389.9448,4876.31,3169.60,347.7814,4658.43,4684.67,-0.005601,-0.56,1.028805,No,0.00,0.00
id#219,389.9448,4985.81,3240.77,347.7814,4745.35,4777.87,-0.006807,-0.68,1.024984,No,0.00,0.00
id#220,389.9448,5517.37,3586.29,347.7814,5175.44,5252.02,-0.014581,-1.46,1.010183,No,0.00,0.00
id#221,389.9448,7099.33,4614.56,347.7814,6773.67,6814.39,-0.005974,-0.60,1.027523,No,0.00,0.00
id#222,389.9448,5168.29,3359.39,347.7814,4912.13,4948.45,-0.007338,-0.73,1.023547,No,0.00,0.00
id#223,389.9448,5725.38,3721.50,347.7814,5459.85,5493.59,-0.006142,-0.61,1.026978,No,0.00,0.00
id#224,389.9448,6580.01,4277.01,347.7814,6230.80,6287.13,-0.008959,-0.90,1.019769,No,0.00,0.00
id#225,389.9448,4953.91,3220.04,347.7814,4728.01,4756.00,-0.005886,-0.59,1.027816,No,0.00,0.00
id#226,389.9448,6197.25,4028.21,347.7814,5764.59,5888.09,-0.020975,-2.10,1.001738,No,0.00,0.00
id#227,389.9448,8214.04,5339.13,347.7814,7662.42,7808.39,-0.018694,-1.87,1.004601,No,0.00,0.00
id#228,389.9448,5863.79,3811.47,347.7814,5560.72,5607.14,-0.008278,-0.83,1.021262,No,0.00,0.00
id#229,389.9448,4815.97,3130.38,347.7814,4467.87,4573.83,-0.023167,-2.32,0.999083,Yes,1565.19,1721.71
id#230,389.9448,6941.22,4511.79,347.7814,6592.64,6643.23,-0.007615,-0.76,1.022841,No,0.00,0.00
id#231,389.9448,4589.05,2982.88,347.7814,4343.54,4383.78,-0.009180,-0.92,1.019308,No,0.00,0.00
id#232,389.9448,5164.62,3357.00,347.7814,4878.88,4929.07,-0.010182,-1.02,1.017340,No,0.00,0.00
id#233,389.9448,6521.89,4239.23,347.7814,6220.87,6258.85,-0.006068,-0.61,1.027217,No,0.00,0.00
id#234,389.9448,4566.05,2967.93,347.7814,4331.15,4366.81,-0.008166,-0.82,1.021519,No,0.00,0.00
id#235,389.9448,5425.65,3526.67,347.7814,5103.86,5169.42,-0.012684,-1.27,1.013051,No,0.00,0.00
id#236,389.9448,4591.70,2984.60,347.7814,4274.93,4363.31,-0.020254,-2.03,1.002629,No,0.00,0.00
id#237,389.9448,5933.07,3856.49,347.7814,5660.97,5694.97,-0.005971,-0.60,1.027533,No,0.00,0.00
id#238,389.9448,6125.61,3981.65,347.7814,5818.55,5862.97,-0.007576,-0.76,1.022940,No,0.00,0.00
id#239,389.9448,5092.89,3310.38,347.7814,4772.03,4846.45,-0.015357,-1.54,1.009074,No,0.00,0.00
id#240,389.9448,5922.98,3849.94,347.7814,5648.12,5683.08,-0.006152,-0.62,1.026948,No,0.00,0.00
id#241,389.9448,5199.71,3379.81,347.7814,4924.92,4968.87,-0.008845,-0.88,1.020011,No,0.00,0.00
id#242,389.9448,6071.94,3946.76,347.7814,5591.20,5761.70,-0.029592,-2.96,0.991660,Yes,1973.38,2170.72
id#243,389.9448,7126.24,4632.06,347.7814,6670.17,6779.52,-0.016129,-1.61,1.008001,No,0.00,0.00
id#244,389.9448,4837.60,3144.44,347.7814,4602.94,4634.98,-0.006914,-0.69,1.024683,No,0.00,0.00
id#245,389.9448,4486.01,2915.90,347.7814,4204.76,4269.32,-0.015122,-1.51,1.009407,No,0.00,0.00
id#246,389.9448,5770.54,3750.85,347.7814,5430.77,5498.92,-0.012393,-1.24,1.013514,No,0.00,0.00
id#247,389.9448,9144.18,5943.72,347.7814,8735.33,8784.61,-0.005610,-0.56,1.028772,No,0.00,0.00
id#248,389.9448,5221.77,3394.15,347.7814,4970.73,5004.51,-0.006749,-0.67,1.025150,No,0.00,0.00
id#249,389.9448,6488.73,4217.67,347.7814,6099.59,6180.80,-0.013139,-1.31,1.012339,No,0.00,0.00
id#250,389.9448,6228.81,4048.72,347.7814,5944.39,5979.71,-0.005906,-0.59,1.027750,No,0.00,0.00
id#251,389.9448,7071.08,4596.20,347.7814,6695.51,6756.18,-0.008980,-0.90,1.019724,No,0.00,0.00
id#252,389.9448,6203.75,4032.44,347.7814,5734.59,5889.12,-0.026240,-2.62,0.995480,Yes,2016.22,2217.84
id#253,389.9448,4252.60,2764.19,347.7814,3932.30,4037.07,-0.025952,-2.60,0.995812,Yes,1382.09,1520.30
id#254,389.9448,5996.83,3897.94,347.7814,5603.75,5702.78,-0.017365,-1.74,1.006334,No,0.00,0.00
id#255,389.9448,5953.04,3869.48,347.7814,5633.41,5686.18,-0.009281,-0.93,1.019100,No,0.00,0.00
id#256,389.9448,6141.96,3992.27,347.7814,5840.05,5882.23,-0.007171,-0.72,1.023987,No,0.00,0.00
id#257,389.9448,6917.52,4496.39,347.7814,6606.89,6644.56,-0.005669,-0.57,1.028563,No,0.00,0.00
id#258,389.9448,6246.40,4060.16,347.7814,5765.82,5928.67,-0.027468,-2.75,0.994069,Yes,2030.08,2233.09
id#259,389.9448,4233.16,2751.55,347.7814,4024.86,4054.01,-0.007191,-0.72,1.023931,No,0.00,0.00
id#260,389.9448,7485.97,4865.88,347.7814,7142.31,7185.32,-0.005986,-0.60,1.027484,No,0.00,0.00
id#261,389.9448,6182.90,4018.88,347.7814,5831.92,5897.00,-0.011037,-1.10,1.015790,No,0.00,0.00
id#262,389.9448,5048.62,3281.60,347.7814,4786.55,4827.02,-0.008385,-0.84,1.021021,No,0.00,0.00
id#263,389.9448,7927.19,5152.67,347.7814,7532.70,7589.02,-0.007421,-0.74,1.023332,No,0.00,0.00
id#264,389.9448,4010.43,2606.78,347.7814,3741.87,3812.54,-0.018536,-1.85,1.004805,No,0.00,0.00
id#265,389.9448,8503.18,5527.07,347.7814,8081.18,8141.14,-0.007365,-0.74,1.023476,No,0.00,0.00
id#266,389.9448,4997.18,3248.17,347.7814,4602.35,4741.94,-0.029437,-2.94,0.991834,Yes,1624.08,1786.49
id#267,389.9448,3991.73,2594.62,347.7814,3786.06,3817.37,-0.008202,-0.82,1.021436,No,0.00,0.00
id#268,389.9448,7419.07,4822.39,347.7814,6945.08,7058.31,-0.016042,-1.60,1.008121,No,0.00,0.00
id#269,389.9448,4151.15,2698.25,347.7814,3894.46,3951.68,-0.014479,-1.45,1.010331,No,0.00,0.00
id#270,389.9448,8267.91,5374.14,347.7814,7830.23,7900.47,-0.008891,-0.89,1.019913,No,0.00,0.00
id#271,389.9448,4781.51,3107.98,347.7814,4436.96,4541.27,-0.022968,-2.30,0.999320,Yes,1553.99,1709.39
id#272,389.9448,6775.74,4404.23,347.7814,6456.10,6497.80,-0.006419,-0.64,1.026119,No,0.00,0.00
id#273,389.9448,6108.49,3970.52,347.7814,5789.00,5839.07,-0.008575,-0.86,1.020597,No,0.00,0.00
id#274,389.9448,5775.50,3754.07,347.7814,5511.05,5544.02,-0.005947,-0.59,1.027614,No,0.00,0.00
id#275,389.9448,8079.70,5251.81,347.7814,7708.95,7755.32,-0.005979,-0.60,1.027507,No,0.00,0.00
id#276,389.9448,7044.63,4579.01,347.7814,6662.39,6726.87,-0.009585,-0.96,1.018489,No,0.00,0.00
id#277,389.9448,7828.59,5088.59,347.7814,7259.76,7434.56,-0.023512,-2.35,0.998672,Yes,2544.29,2798.72
id#278,389.9448,8569.77,5570.35,347.7814,8119.04,8190.45,-0.008719,-0.87,1.020282,No,0.00,0.00
id#279,389.9448,6846.01,4449.91,347.7814,6283.66,6494.39,-0.032449,-3.24,0.988461,Yes,2224.95,2447.45
id#280,389.9448,5724.22,3720.74,347.7814,5463.01,5495.42,-0.005897,-0.59,1.027781,No,0.00,0.00
id#281,389.9448,5736.67,3728.83,347.7814,5320.71,5448.05,-0.023373,-2.34,0.998838,Yes,1864.42,2050.86
id#282,389.9448,4101.20,2665.78,347.7814,3882.80,3918.27,-0.009052,-0.91,1.019574,No,0.00,0.00
id#283,389.9448,7405.07,4813.30,347.7814,7059.54,7103.86,-0.006239,-0.62,1.026673,No,0.00,0.00
id#284,389.9448,6258.25,4067.86,347.7814,5870.60,5957.33,-0.014557,-1.46,1.010217,No,0.00,0.00
id#285,389.9448,5729.95,3724.47,347.7814,5462.29,5496.68,-0.006256,-0.63,1.026618,No,0.00,0.00
id#286,389.9448,5224.33,3395.81,347.7814,4889.13,4969.92,-0.016256,-1.63,1.007827,No,0.00,0.00
id#287,389.9448,7023.67,4565.39,347.7814,6686.93,6732.03,-0.006699,-0.67,1.025291,No,0.00,0.00
id#288,389.9448,5715.12,3714.83,347.7814,5340.43,5434.87,-0.017378,-1.74,1.006318,No,0.00,0.00
id#289,389.9448,8065.73,5242.72,347.7814,7681.38,7732.35,-0.006591,-0.66,1.025606,No,0.00,0.00
id#290,389.9448,6842.43,4447.58,347.7814,6535.11,6572.39,-0.005671,-0.57,1.028554,No,0.00,0.00
id#291,389.9448,5946.71,3865.36,347.7814,5670.07,5705.39,-0.006190,-0.62,1.026825,No,0.00,0.00
id#292,389.9448,8014.41,5209.36,347.7814,7504.86,7625.35,-0.015801,-1.58,1.008453,No,0.00,0.00
id#293,389.9448,6153.26,3999.62,347.7814,5794.69,5865.02,-0.011992,-1.20,1.014167,No,0.00,0.00
id#294,389.9448,5749.08,3736.90,347.7814,5380.21,5469.12,-0.016256,-1.63,1.007826,No,0.00,0.00
id#295,389.9448,6094.85,3961.65,347.7814,5773.29,5824.55,-0.008801,-0.88,1.020106,No,0.00,0.00
id#296,389.9448,4793.28,3115.63,347.7814,4480.39,4558.56,-0.017147,-1.71,1.006624,No,0.00,0.00
id#297,389.9448,7555.95,4911.37,347.7814,7120.76,7204.00,-0.011555,-1.16,1.014897,No,0.00,0.00
id#298,389.9448,5133.16,3336.55,347.7814,4747.27,4873.10,-0.025822,-2.58,0.995963,Yes,1668.28,1835.10
id#299,389.9448,5653.75,3674.93,347.7814,5365.37,5408.44,-0.007964,-0.80,1.021993,No,0.00,0.00
id#300,389.9448,4626.62,3007.30,347.7814,4405.96,4435.26,-0.006606,-0.66,1.025561,No,0.00,0.00
id#301,389.9448,5220.19,3393.13,347.7814,4930.67,4981.78,-0.010260,-1.03,1.017194,No,0.00,0.00
id#302,389.9448,6136.86,3988.96,347.7814,5686.50,5827.35,-0.024172,-2.42,0.997892,Yes,1994.48,2193.93
id#303,389.9448,7306.54,4749.25,347.7814,6905.02,6974.56,-0.009969,-1.00,1.017742,No,0.00,0.00
id#304,389.9448,6846.75,4450.38,347.7814,6460.29,6531.09,-0.010840,-1.08,1.016138,No,0.00,0.00
id#305,389.9448,5165.85,3357.80,347.7814,4856.01,4920.69,-0.013144,-1.31,1.012331,No,0.00,0.00
id#306,389.9448,6941.29,4511.84,347.7814,6610.48,6654.36,-0.006593,-0.66,1.025599,No,0.00,0.00
id#307,389.9448,6182.20,4018.43,347.7814,5678.89,5865.08,-0.031746,-3.17,0.989248,Yes,2009.21,2210.14
id#308,389.9448,6356.01,4131.40,347.7814,6046.14,6088.82,-0.007009,-0.70,1.024422,No,0.00,0.00
id#309,389.9448,6520.31,4238.20,347.7814,6177.84,6231.96,-0.008683,-0.87,1.020360,No,0.00,0.00
id#310,389.9448,5963.24,3876.11,347.7814,5596.36,5677.26,-0.014249,-1.42,1.010667,No,0.00,0.00
id#311,389.9448,5492.87,3570.37,347.7814,5145.08,5226.61,-0.015598,-1.56,1.008737,No,0.00,0.00
id#312,389.9448,4255.31,2765.95,347.7814,4044.47,4074.34,-0.007331,-0.73,1.023565,No,0.00,0.00
id#313,389.9448,4418.59,2872.09,347.7814,4210.79,4237.77,-0.006367,-0.64,1.026277,No,0.00,0.00
id#314,389.9448,7093.89,4611.03,347.7814,6657.86,6753.81,-0.014207,-1.42,1.010729,No,0.00,0.00
id#315,389.9448,5992.98,3895.44,347.7814,5693.81,5736.76,-0.007488,-0.75,1.023162,No,0.00,0.00
id#316,389.9448,4123.90,2680.54,347.7814,3934.01,3957.88,-0.006032,-0.60,1.027334,No,0.00,0.00
id#317,389.9448,4759.13,3093.43,347.7814,4387.76,4516.50,-0.028505,-2.85,0.992888,Yes,1546.72,1701.39
id#318,389.9448,7329.05,4763.88,347.7814,6976.44,7023.94,-0.006762,-0.68,1.025111,No,0.00,0.00
id#319,389.9448,7649.98,4972.49,347.7814,7294.25,7339.64,-0.006184,-0.62,1.026845,No,0.00,0.00
id#320,389.9448,4964.23,3226.75,347.7814,4602.68,4714.25,-0.023667,-2.37,0.998489,Yes,1613.37,1774.71
id#321,389.9448,5924.61,3851.00,347.7814,5598.41,5655.12,-0.010029,-1.00,1.017628,No,0.00,0.00
id#322,389.9448,6603.92,4292.55,347.7814,6166.79,6279.14,-0.017894,-1.79,1.005638,No,0.00,0.00
id#323,389.9448,5843.96,3798.57,347.7814,5577.64,5610.62,-0.005877,-0.59,1.027846,No,0.00,0.00
id#324,389.9448,6478.25,4210.86,347.7814,6112.16,6179.39,-0.010881,-1.09,1.016065,No,0.00,0.00
id#325,389.9448,8373.74,5442.93,347.7814,7879.68,7979.22,-0.012475,-1.25,1.013383,No,0.00,0.00
id#326,389.9448,5680.75,3692.49,347.7814,5349.78,5414.67,-0.011985,-1.20,1.014178,No,0.00,0.00
id#327,389.9448,8740.40,5681.26,347.7814,8108.76,8300.97,-0.023156,-2.32,0.999097,Yes,2840.63,3124.69
id#328,389.9448,4124.23,2680.75,347.7814,3861.83,3923.97,-0.015836,-1.58,1.008405,No,0.00,0.00
id#329,389.9448,8142.10,5292.37,347.7814,7764.23,7812.30,-0.006153,-0.62,1.026944,No,0.00,0.00
id#330,389.9448,6186.89,4021.48,347.7814,5789.05,5885.39,-0.016369,-1.64,1.007672,No,0.00,0.00
id#331,389.9448,9071.75,5896.64,347.7814,8508.02,8635.01,-0.014706,-1.47,1.010002,No,0.00,0.00
id#332,389.9448,9037.73,5874.53,347.7814,8549.96,8631.35,-0.009429,-0.94,1.018801,No,0.00,0.00
id#333,389.9448,8190.99,5324.15,347.7814,7543.02,7772.54,-0.029530,-2.95,0.991730,Yes,2662.07,2928.28
id#334,389.9448,6624.42,4305.87,347.7814,6183.55,6298.12,-0.018191,-1.82,1.005251,No,0.00,0.00
id#335,389.9448,7060.32,4589.21,347.7814,6691.48,6749.15,-0.008544,-0.85,1.020664,No,0.00,0.00
id#336,389.9448,4670.95,3036.12,347.7814,4436.43,4470.45,-0.007610,-0.76,1.022854,No,0.00,0.00
id#337,389.9448,6041.36,3926.88,347.7814,5647.09,5745.53,-0.017134,-1.71,1.006642,No,0.00,0.00
id#338,389.9448,6017.45,3911.34,347.7814,5726.46,5765.99,-0.006856,-0.69,1.024846,No,0.00,0.00
id#339,389.9448,4818.91,3132.29,347.7814,4556.35,4601.02,-0.009709,-0.97,1.018247,No,0.00,0.00
id#340,389.9448,5973.45,3882.74,347.7814,5632.57,5696.49,-0.011222,-1.12,1.015467,No,0.00,0.00
id#341,389.9448,4422.67,2874.73,347.7814,4208.16,4237.45,-0.006912,-0.69,1.024690,No,0.00,0.00
id#342,389.9448,5732.99,3726.45,347.7814,5475.99,5507.08,-0.005645,-0.56,1.028646,No,0.00,0.00
id#343,389.9448,5180.69,3367.45,347.7814,4933.98,4966.66,-0.006579,-0.66,1.025640,No,0.00,0.00
id#344,389.9448,5197.04,3378.07,347.7814,4819.60,4935.48,-0.023480,-2.35,0.998711,Yes,1689.04,1857.94
id#345,389.9448,6370.90,4141.09,347.7814,6006.68,6075.24,-0.011287,-1.13,1.015355,No,0.00,0.00
id#346,389.9448,6002.63,3901.71,347.7814,5734.15,5766.53,-0.005615,-0.56,1.028755,No,0.00,0.00
id#347,389.9448,6824.14,4435.69,347.7814,6397.23,6494.78,-0.015020,-1.50,1.009552,No,0.00,0.00
id#348,389.9448,6538.18,4249.82,347.7814,6241.37,6277.92,-0.005822,-0.58,1.028034,No,0.00,0.00
id#349,389.9448,5517.04,3586.07,347.7814,5268.92,5299.07,-0.005689,-0.57,1.028492,No,0.00,0.00
id#350,389.9448,4839.91,3145.94,347.7814,4590.71,4628.60,-0.008186,-0.82,1.021475,No,0.00,0.00
id#351,389.9448,7137.65,4639.47,347.7814,6722.61,6803.64,-0.011910,-1.19,1.014302,No,0.00,0.00
id#352,389.9448,6881.25,4472.82,347.7814,6324.41,6528.58,-0.031273,-3.13,0.989776,Yes,2236.41,2460.05
id#353,389.9448,6080.90,3952.59,347.7814,5773.28,5818.53,-0.007777,-0.78,1.022443,No,0.00,0.00
id#354,389.9448,6121.11,3978.72,347.7814,5780.47,5841.03,-0.010369,-1.04,1.016992,No,0.00,0.00
id#355,389.9448,7421.10,4823.71,347.7814,7050.13,7103.52,-0.007516,-0.75,1.023090,No,0.00,0.00
id#356,389.9448,6715.46,4365.05,347.7814,6322.97,6400.45,-0.012105,-1.21,1.013981,No,0.00,0.00
id#357,389.9448,8879.68,5771.79,347.7814,8473.93,8524.36,-0.005917,-0.59,1.027713,No,0.00,0.00
id#358,389.9448,7487.20,4866.68,347.7814,6975.24,7115.63,-0.019729,-1.97,1.003286,No,0.00,0.00
id#359,389.9448,4315.80,2805.27,347.7814,4100.87,4131.59,-0.007437,-0.74,1.023292,No,0.00,0.00
id#360,389.9448,8559.17,5563.46,347.7814,8099.30,8175.33,-0.009300,-0.93,1.019062,No,0.00,0.00
id#361,389.9448,5044.82,3279.13,347.7814,4806.01,4837.34,-0.006477,-0.65,1.025944,No,0.00,0.00
id#362,389.9448,5091.82,3309.68,347.7814,4838.14,4874.43,-0.007446,-0.74,1.023268,No,0.00,0.00
id#363,389.9448,4775.61,3104.15,347.7814,4535.52,4570.44,-0.007640,-0.76,1.022781,No,0.00,0.00
id#364,389.9448,6735.31,4377.95,347.7814,6353.09,6423.92,-0.011026,-1.10,1.015808,No,0.00,0.00
id#365,389.9448,6406.92,4164.50,347.7814,6027.72,6104.63,-0.012599,-1.26,1.013185,No,0.00,0.00
id#366,389.9448,5436.26,3533.57,347.7814,5187.10,5218.21,-0.005962,-0.60,1.027565,No,0.00,0.00
id#367,389.9448,9402.05,6111.33,347.7814,8915.16,8990.01,-0.008325,-0.83,1.021154,No,0.00,0.00
id#368,389.9448,6556.55,4261.76,347.7814,6034.41,6221.27,-0.030036,-3.00,0.991161,Yes,2130.88,2343.97
id#369,389.9448,8835.96,5743.37,347.7814,8265.71,8404.84,-0.016554,-1.66,1.007421,No,0.00,0.00
id#370,389.9448,5652.51,3674.13,347.7814,5320.91,5386.90,-0.012249,-1.22,1.013747,No,0.00,0.00
id#371,389.9448,7190.73,4673.98,347.7814,6815.64,6874.12,-0.008507,-0.85,1.020747,No,0.00,0.00
id#372,389.9448,6219.74,4042.83,347.7814,5893.36,5944.84,-0.008660,-0.87,1.020411,No,0.00,0.00
id#373,389.9448,7495.75,4872.23,347.7814,7151.80,7194.82,-0.005979,-0.60,1.027508,No,0.00,0.00
id#374,389.9448,5726.78,3722.41,347.7814,5457.04,5492.15,-0.006393,-0.64,1.026199,No,0.00,0.00
id#375,389.9448,7453.84,4845.00,347.7814,7047.18,7116.55,-0.009748,-0.97,1.018169,No,0.00,0.00
id#376,389.9448,6882.99,4473.94,347.7814,6377.66,6535.83,-0.024201,-2.42,0.997858,Yes,2236.97,2460.67
id#377,389.9448,4504.22,2927.74,347.7814,4260.70,4301.47,-0.009479,-0.95,1.018700,No,0.00,0.00
id#378,389.9448,4678.21,3040.84,347.7814,4454.20,4484.14,-0.006677,-0.67,1.025356,No,0.00,0.00
id#379,389.9448,6859.75,4458.84,347.7814,6541.51,6581.97,-0.006147,-0.61,1.026962,No,0.00,0.00
id#380,389.9448,6851.72,4453.62,347.7814,6496.24,6551.08,-0.008372,-0.84,1.021050,No,0.00,0.00
id#381,389.9448,6786.24,4411.05,347.7814,6430.17,6486.32,-0.008656,-0.87,1.020419,No,0.00,0.00
id#382,389.9448,7005.90,4553.83,347.7814,6621.72,6687.96,-0.009903,-0.99,1.017869,No,0.00,0.00
id#383,389.9448,4795.95,3117.36,347.7814,4484.02,4561.36,-0.016956,-1.70,1.006880,No,0.00,0.00
id#384,389.9448,6505.89,4228.83,347.7814,6145.50,6208.96,-0.010221,-1.02,1.017267,No,0.00,0.00
id#385,389.9448,7270.69,4725.95,347.7814,6768.92,6909.01,-0.020276,-2.03,1.002602,No,0.00,0.00
id#386,389.9448,4601.25,2990.81,347.7814,4381.76,4410.91,-0.006609,-0.66,1.025552,No,0.00,0.00
id#387,389.9448,7346.16,4775.00,347.7814,7018.39,7057.78,-0.005582,-0.56,1.028873,No,0.00,0.00
id#388,389.9448,6861.59,4460.03,347.7814,6546.03,6585.63,-0.006013,-0.60,1.027396,No,0.00,0.00
id#389,389.9448,5074.56,3298.46,347.7814,4833.40,4865.24,-0.006544,-0.65,1.025745,No,0.00,0.00
id#390,389.9448,3581.64,2328.07,347.7814,3387.45,3420.15,-0.009563,-0.96,1.018534,No,0.00,0.00
id#391,389.9448,4987.45,3241.84,347.7814,4713.04,4760.68,-0.010008,-1.00,1.017669,No,0.00,0.00
id#392,389.9448,6004.16,3902.70,347.7814,5643.72,5719.10,-0.013181,-1.32,1.012274,No,0.00,0.00
id#393,389.9448,7568.12,4919.28,347.7814,7056.90,7193.76,-0.019025,-1.90,1.004178,No,0.00,0.00
id#394,389.9448,5787.41,3761.82,347.7814,5467.57,5523.62,-0.010146,-1.01,1.017408,No,0.00,0.00
id#395,389.9448,7038.42,4574.98,347.7814,6520.25,6683.23,-0.024387,-2.44,0.997639,Yes,2287.49,2516.24
id#396,389.9448,6061.26,3939.82,347.7814,5724.84,5784.32,-0.010283,-1.03,1.017151,No,0.00,0.00
id#397,389.9448,6600.64,4290.41,347.7814,6266.95,6315.97,-0.007761,-0.78,1.022481,No,0.00,0.00
id#398,389.9448,6069.90,3945.43,347.7814,5792.72,5827.14,-0.005907,-0.59,1.027746,No,0.00,0.00
id#399,389.9448,8739.19,5680.48,347.7814,8268.27,8346.60,-0.009384,-0.94,1.018891,No,0.00,0.00
id#400,389.9448,5540.65,3601.43,347.7814,5222.98,5283.16,-0.011390,-1.14,1.015178,No,0.00,0.00
id#401,389.9448,5378.81,3496.23,347.7814,5012.25,5112.12,-0.019534,-1.95,1.003532,No,0.00,0.00
id#402,389.9448,5690.08,3698.55,347.7814,5299.64,5407.44,-0.019935,-1.99,1.003028,No,0.00,0.00
id#403,389.9448,7175.44,4664.03,347.7814,6831.42,6877.49,-0.006699,-0.67,1.025291,No,0.00,0.00
id#404,389.9448,6650.26,4322.67,347.7814,6219.07,6325.30,-0.016794,-1.68,1.007097,No,0.00,0.00
id#405,389.9448,3721.25,2418.82,347.7814,3540.32,3565.13,-0.006959,-0.70,1.024561,No,0.00,0.00
id#406,389.9448,9176.39,5964.66,347.7814,8747.26,8802.50,-0.006275,-0.63,1.026561,No,0.00,0.00
id#407,389.9448,6611.70,4297.60,347.7814,6181.83,6288.33,-0.016937,-1.69,1.006905,No,0.00,0.00
id#408,389.9448,5202.70,3381.76,347.7814,4841.62,4943.53,-0.020615,-2.06,1.002181,No,0.00,0.00
id#409,389.9448,6336.21,4118.53,347.7814,5883.45,6018.42,-0.022426,-2.24,0.999971,Yes,2059.27,2265.19
id#410,389.9448,8957.31,5822.25,347.7814,8297.03,8505.17,-0.024472,-2.45,0.997539,Yes,2911.13,3202.24
id#411,389.9448,5231.84,3400.69,347.7814,4953.05,4998.38,-0.009069,-0.91,1.019538,No,0.00,0.00
id#412,389.9448,7305.80,4748.77,347.7814,6844.60,6952.03,-0.015453,-1.55,1.008939,No,0.00,0.00
id#413,389.9448,5969.04,3879.88,347.7814,5694.65,5729.06,-0.006006,-0.60,1.027417,No,0.00,0.00
id#414,389.9448,4848.14,3151.29,347.7814,4623.77,4652.19,-0.006110,-0.61,1.027082,No,0.00,0.00
id#415,389.9448,5526.43,3592.18,347.7814,5267.32,5300.81,-0.006317,-0.63,1.026430,No,0.00,0.00
id#416,389.9448,5887.63,3826.96,347.7814,5515.76,5602.48,-0.015479,-1.55,1.008902,No,0.00,0.00
id#417,389.9448,5688.56,3697.57,347.7814,5270.57,5401.60,-0.024258,-2.43,0.997791,Yes,1848.78,2033.66
id#418,389.9448,8435.46,5483.05,347.7814,8043.29,8093.31,-0.006180,-0.62,1.026857,No,0.00,0.00
id#419,389.9448,4629.17,3008.96,347.7814,4369.79,4416.57,-0.010593,-1.06,1.016581,No,0.00,0.00
id#420,389.9448,7021.81,4564.18,347.7814,6682.54,6728.57,-0.006841,-0.68,1.024889,No,0.00,0.00
id#421,389.9448,6885.89,4475.83,347.7814,6380.00,6538.53,-0.024246,-2.42,0.997804,Yes,2237.91,2461.70
id#422,389.9448,6892.22,4479.95,347.7814,6562.31,6606.38,-0.006671,-0.67,1.025373,No,0.00,0.00
id#423,389.9448,7436.89,4833.98,347.7814,7064.26,7118.12,-0.007566,-0.76,1.022964,No,0.00,0.00
id#424,389.9448,8859.09,5758.41,347.7814,8444.46,8497.89,-0.006288,-0.63,1.026520,No,0.00,0.00
id#425,389.9448,7305.74,4748.73,347.7814,6878.02,6962.76,-0.012171,-1.22,1.013875,No,0.00,0.00
id#426,389.9448,5428.62,3528.61,347.7814,4995.26,5150.93,-0.030221,-3.02,0.990953,Yes,1764.30,1940.73
id#427,389.9448,6216.73,4040.88,347.7814,5780.39,5906.20,-0.021303,-2.13,1.001335,No,0.00,0.00
id#428,389.9448,5796.26,3767.57,347.7814,5449.58,5521.51,-0.013028,-1.30,1.012511,No,0.00,0.00
id#429,389.9448,9384.36,6099.84,347.7814,8863.98,8955.81,-0.010254,-1.03,1.017206,No,0.00,0.00
id#430,389.9448,6130.83,3985.04,347.7814,5656.03,5818.65,-0.027948,-2.79,0.993521,Yes,1992.52,2191.77
id#431,389.9448,3707.33,2409.76,347.7814,3488.74,3532.71,-0.012449,-1.24,1.013425,No,0.00,0.00
id#432,389.9448,5831.11,3790.22,347.7814,5529.54,5575.78,-0.008293,-0.83,1.021227,No,0.00,0.00
id#433,389.9448,6645.76,4319.74,347.7814,6287.28,6347.03,-0.009413,-0.94,1.018833,No,0.00,0.00
id#434,389.9448,5793.15,3765.55,347.7814,5448.65,5519.24,-0.012790,-1.28,1.012883,No,0.00,0.00
id#435,389.9448,4563.86,2966.51,347.7814,4355.86,4381.62,-0.005879,-0.59,1.027841,No,0.00,0.00
id#436,389.9448,7418.20,4821.83,347.7814,6993.44,7073.67,-0.011342,-1.13,1.015259,No,0.00,0.00
id#437,389.9448,7404.60,4812.99,347.7814,7000.31,7069.39,-0.009772,-0.98,1.018122,No,0.00,0.00
id#438,389.9448,4917.13,3196.13,347.7814,4622.97,4684.03,-0.013036,-1.30,1.012498,No,0.00,0.00
id#439,389.9448,3232.10,2100.86,347.7814,3052.16,3084.18,-0.010383,-1.04,1.016967,No,0.00,0.00
id#440,389.9448,7437.95,4834.67,347.7814,6996.56,7086.60,-0.012706,-1.27,1.013016,No,0.00,0.00
id#441,389.9448,6572.29,4271.99,347.7814,6073.76,6238.79,-0.026453,-2.65,0.995234,Yes,2135.99,2349.59
id#442,389.9448,6112.65,3973.22,347.7814,5808.93,5852.18,-0.007390,-0.74,1.023414,No,0.00,0.00
id#443,389.9448,4596.21,2987.54,347.7814,4300.89,4372.28,-0.016329,-1.63,1.007727,No,0.00,0.00
id#444,389.9448,5934.50,3857.43,347.7814,5546.81,5643.82,-0.017189,-1.72,1.006568,No,0.00,0.00
id#445,389.9448,7725.12,5021.33,347.7814,7242.18,7352.37,-0.014987,-1.50,1.009598,No,0.00,0.00
id#446,389.9448,6481.78,4213.16,347.7814,6093.63,6174.38,-0.013078,-1.31,1.012433,No,0.00,0.00
id#447,389.9448,8358.93,5433.30,347.7814,7683.31,7930.59,-0.031180,-3.12,0.989880,Yes,2716.65,2988.32
id#448,389.9448,8640.04,5616.03,347.7814,8188.17,8258.98,-0.008574,-0.86,1.020600,No,0.00,0.00
id#449,389.9448,7321.11,4758.72,347.7814,6891.29,6976.96,-0.012279,-1.23,1.013698,No,0.00,0.00
id#450,389.9448,8755.38,5691.00,347.7814,8333.05,8390.19,-0.006810,-0.68,1.024976,No,0.00,0.00
id#451,389.9448,6643.14,4318.04,347.7814,6262.13,6334.35,-0.011402,-1.14,1.015158,No,0.00,0.00
id#452,389.9448,5720.20,3718.13,347.7814,5304.30,5432.25,-0.023553,-2.36,0.998624,Yes,1859.06,2044.97
id#453,389.9448,5734.69,3727.55,347.7814,5311.24,5445.12,-0.024587,-2.46,0.997403,Yes,1863.77,2050.15
id#454,389.9448,5591.61,3634.54,347.7814,5275.05,5333.41,-0.010942,-1.09,1.015956,No,0.00,0.00
id#455,389.9448,8192.07,5324.84,347.7814,7707.35,7805.61,-0.012588,-1.26,1.013203,No,0.00,0.00
id#456,389.9448,7709.72,5011.32,347.7814,7252.08,7345.49,-0.012717,-1.27,1.012998,No,0.00,0.00
id#457,389.9448,8049.76,5232.34,347.7814,7636.65,7699.07,-0.008107,-0.81,1.021656,No,0.00,0.00
id#458,389.9448,5687.64,3696.97,347.7814,5350.08,5418.96,-0.012711,-1.27,1.013008,No,0.00,0.00
id#459,389.9448,6432.90,4181.38,347.7814,6103.99,6153.34,-0.008020,-0.80,1.021860,No,0.00,0.00
id#460,389.9448,5414.48,3519.41,347.7814,5139.20,5180.07,-0.007890,-0.79,1.022170,No,0.00,0.00
id#461,389.9448,5653.54,3674.80,347.7814,5337.25,5394.11,-0.010542,-1.05,1.016675,No,0.00,0.00
id#462,389.9448,6988.21,4542.34,347.7814,6631.00,6684.57,-0.008014,-0.80,1.021875,No,0.00,0.00
id#463,389.9448,5304.35,3447.83,347.7814,5041.41,5078.69,-0.007341,-0.73,1.023538,No,0.00,0.00
id#464,389.9448,6864.44,4461.89,347.7814,6551.30,6590.13,-0.005892,-0.59,1.027796,No,0.00,0.00
id#465,389.9448,6987.54,4541.90,347.7814,6609.93,6673.10,-0.009467,-0.95,1.018725,No,0.00,0.00
id#466,389.9448,8661.39,5629.90,347.7814,8211.53,8281.08,-0.008398,-0.84,1.020989,No,0.00,0.00
id#467,389.9448,7118.54,4627.05,347.7814,6766.03,6815.92,-0.007320,-0.73,1.023594,No,0.00,0.00
id#468,389.9448,9026.87,5867.46,347.7814,8387.79,8575.07,-0.021840,-2.18,1.000680,No,0.00,0.00
id#469,389.9448,5033.89,3272.03,347.7814,4785.08,4820.18,-0.007282,-0.73,1.023694,No,0.00,0.00
id#470,389.9448,4737.13,3079.14,347.7814,4525.47,4550.96,-0.005601,-0.56,1.028805,No,0.00,0.00
id#471,389.9448,6481.14,4212.74,347.7814,6088.23,6172.16,-0.013598,-1.36,1.011637,No,0.00,0.00
id#472,389.9448,7000.75,4550.49,347.7814,6653.35,6702.70,-0.007363,-0.74,1.023483,No,0.00,0.00
id#473,389.9448,7058.41,4587.97,347.7814,6680.57,6742.58,-0.009196,-0.92,1.019275,No,0.00,0.00
id#474,389.9448,5294.64,3441.51,347.7814,5000.08,5052.42,-0.010359,-1.04,1.017011,No,0.00,0.00
id#475,389.9448,7819.29,5082.54,347.7814,7396.03,7467.08,-0.009516,-0.95,1.018628,No,0.00,0.00
id#476,389.9448,5097.17,3313.16,347.7814,4749.42,4844.36,-0.019598,-1.96,1.003452,No,0.00,0.00
id#477,389.9448,4021.96,2614.27,347.7814,3816.24,3847.13,-0.008028,-0.80,1.021841,No,0.00,0.00
id#478,389.9448,6388.37,4152.44,347.7814,6009.68,6086.75,-0.012663,-1.27,1.013084,No,0.00,0.00
id#479,389.9448,8573.61,5572.84,347.7814,8133.77,8200.18,-0.008099,-0.81,1.021675,No,0.00,0.00
id#480,389.9448,6677.41,4340.32,347.7814,6337.18,6387.90,-0.007940,-0.79,1.022051,No,0.00,0.00
id#481,389.9448,7633.24,4961.61,347.7814,7264.68,7314.62,-0.006828,-0.68,1.024925,No,0.00,0.00
id#482,389.9448,8862.22,5760.44,347.7814,8465.99,8513.74,-0.005609,-0.56,1.028774,No,0.00,0.00
id#483,389.9448,7777.69,5055.50,347.7814,7367.46,7432.82,-0.008793,-0.88,1.020121,No,0.00,0.00
id#484,389.9448,6483.23,4214.10,347.7814,6110.40,6181.48,-0.011498,-1.15,1.014994,No,0.00,0.00
id#485,389.9448,5551.44,3608.44,347.7814,5275.19,5314.63,-0.007421,-0.74,1.023333,No,0.00,0.00
id#486,389.9448,7325.81,4761.78,347.7814,6926.98,6994.72,-0.009684,-0.97,1.018294,No,0.00,0.00
id#487,389.9448,4386.38,2851.15,347.7814,4082.21,4167.92,-0.020564,-2.06,1.002245,No,0.00,0.00
id#488,389.9448,5727.68,3722.99,347.7814,5368.01,5450.86,-0.015198,-1.52,1.009299,No,0.00,0.00
id#489,389.9448,7379.38,4796.60,347.7814,6907.94,7020.55,-0.016041,-1.60,1.008122,No,0.00,0.00
id#490,389.9448,4083.58,2654.33,347.7814,3822.63,3885.00,-0.016053,-1.61,1.008105,No,0.00,0.00
id#491,389.9448,8724.04,5670.63,347.7814,8283.06,8347.83,-0.007759,-0.78,1.022488,No,0.00,0.00
id#492,389.9448,3898.59,2534.09,347.7814,3692.65,3725.56,-0.008833,-0.88,1.020035,No,0.00,0.00
id#493,389.9448,6779.03,4406.37,347.7814,6280.95,6437.06,-0.024252,-2.43,0.997797,Yes,2203.19,2423.50
id#494,389.9448,6708.56,4360.56,347.7814,6379.50,6425.30,-0.007128,-0.71,1.024100,No,0.00,0.00
id#495,389.9448,6838.32,4444.91,347.7814,6441.78,6518.74,-0.011807,-1.18,1.014474,No,0.00,0.00
id#496,389.9448,5690.84,3699.05,347.7814,5390.76,5438.55,-0.008786,-0.88,1.020137,No,0.00,0.00
id#497,389.9448,5593.31,3635.65,347.7814,5189.31,5312.14,-0.023122,-2.31,0.999136,Yes,1817.83,1999.61
id#498,389.9448,7242.66,4707.73,347.7814,6888.74,6937.69,-0.007054,-0.71,1.024299,No,0.00,0.00
id#499,389.9448,5196.31,3377.60,347.7814,4888.77,4951.14,-0.012598,-1.26,1.013186,No,0.00,0.00
